threshold,precision,recall,f1
0.0,0.05365622032288699,1.0,0.10184767913474539
0.004,0.054374093765103916,0.995575221238938,0.10311640696608616
0.008,0.061993856464674674,0.9823008849557522,0.11662726556343578
0.012,0.06628844431173485,0.9823008849557522,0.1241958041958042
0.016,0.06940954773869347,0.9778761061946902,0.12961876832844574
0.02,0.0715452466514211,0.9690265486725663,0.13325220565865528
0.024,0.07450444292549556,0.9646017699115044,0.1383248730964467
0.028,0.07727920227920228,0.9601769911504425,0.14304548450889912
0.032,0.08059701492537313,0.9557522123893806,0.14865794907088783
0.036,0.08441303494307027,0.9513274336283186,0.1550667147493689
0.04,0.08801652892561984,0.9424778761061947,0.16099773242630386
0.044,0.09278803869832894,0.9336283185840708,0.1688
0.048,0.09929411764705882,0.9336283185840708,0.17949808592088473
0.052,0.10180224062347784,0.9247787610619469,0.1834137779727951
0.056,0.10547667342799188,0.9203539823008849,0.18926296633303002
0.06,0.1093011035207567,0.9203539823008849,0.1953968999530296
0.064,0.11147540983606558,0.9026548672566371,0.19844357976653695
0.068,0.1143661971830986,0.8982300884955752,0.20289855072463767
0.072,0.11747516072472239,0.8893805309734514,0.2075374290139391
0.076,0.12233718807060255,0.8893805309734514,0.21508828250401285
0.08,0.12586532410320955,0.8849557522123894,0.22038567493112945
0.084,0.12989556135770236,0.8805309734513275,0.2263936291240046
0.088,0.13221476510067115,0.8716814159292036,0.2296037296037296
0.092,0.13449477351916375,0.8539823008849557,0.23239012642986154
0.096,0.1377072819033886,0.8451327433628318,0.23682579045257285
0.1,0.14053254437869822,0.8407079646017699,0.24081115335868186
0.104,0.14394516374714394,0.8362831858407079,0.2456140350877193
0.108,0.1481191222570533,0.8362831858407079,0.25166444740346205
0.112,0.1529698942229455,0.831858407079646,0.25841924398625427
0.116,0.15378151260504203,0.8097345132743363,0.2584745762711865
0.12,0.1566579634464752,0.7964601769911505,0.26181818181818184
0.124,0.16021602160216022,0.7876106194690266,0.26626776364996263
0.128,0.16448598130841122,0.7787610619469026,0.2716049382716049
0.132,0.16874400767018216,0.7787610619469026,0.27738376674546883
0.136,0.1736111111111111,0.7743362831858407,0.2836304700162074
0.14,0.17893660531697342,0.7743362831858407,0.29069767441860467
0.144,0.18373812038014783,0.7699115044247787,0.2966751918158568
0.148,0.18831168831168832,0.7699115044247787,0.3026086956521739
0.152,0.1922222222222222,0.7654867256637168,0.3072824156305506
0.156,0.19314285714285714,0.7477876106194691,0.3069936421435059
0.16,0.1983568075117371,0.7477876106194691,0.313543599257885
0.164,0.19879518072289157,0.7300884955752213,0.3125
0.168,0.20270270270270271,0.7300884955752213,0.3173076923076923
0.172,0.2037735849056604,0.7168141592920354,0.31733594515181196
0.176,0.2050955414012739,0.7123893805309734,0.3184965380811078
0.18,0.20860495436766624,0.7079646017699115,0.3222557905337362
0.184,0.21390374331550802,0.7079646017699115,0.32854209445585214
0.188,0.2190082644628099,0.7035398230088495,0.33403361344537813
0.192,0.22284908321579688,0.6991150442477876,0.33796791443850266
0.196,0.22603719599427755,0.6991150442477876,0.34162162162162163
0.2,0.22740524781341107,0.6902654867256637,0.3421052631578947
0.204,0.23179791976225855,0.6902654867256637,0.34705228031145713
0.208,0.23511450381679388,0.6814159292035398,0.3496027241770715
0.212,0.23875968992248062,0.6814159292035398,0.35361653272101035
0.216,0.24208860759493672,0.6769911504424779,0.3566433566433567
0.22,0.24358974358974358,0.672566371681416,0.35764705882352943
0.224,0.24713584288052373,0.668141592920354,0.3608124253285544
0.228,0.25,0.668141592920354,0.363855421686747
0.232,0.2546689303904924,0.6637168141592921,0.36809815950920244
0.236,0.2613240418118467,0.6637168141592921,0.37500000000000006
0.24,0.26559714795008915,0.6592920353982301,0.37865311308767474
0.244,0.26582278481012656,0.6504424778761062,0.3774069319640565
0.248,0.26752767527675275,0.6415929203539823,0.3776041666666667
0.252,0.26779026217228463,0.6327433628318584,0.3763157894736842
0.256,0.27307692307692305,0.6283185840707964,0.3806970509383378
0.26,0.27647058823529413,0.6238938053097345,0.38315217391304346
0.264,0.28256513026052105,0.6238938053097345,0.38896551724137934
0.268,0.2874743326488706,0.6194690265486725,0.3927068723702665
0.272,0.2893081761006289,0.6106194690265486,0.3926031294452347
0.276,0.2955032119914347,0.6106194690265486,0.3982683982683982
0.28,0.30196936542669583,0.6106194690265486,0.404099560761347
0.284,0.3071748878923767,0.6061946902654868,0.40773809523809523
0.288,0.3097949886104784,0.6017699115044248,0.4090225563909775
0.292,0.31336405529953915,0.6017699115044248,0.41212121212121217
0.296,0.317016317016317,0.6017699115044248,0.41526717557251913
0.3,0.32066508313539194,0.5973451327433629,0.41731066460587324
0.304,0.3245192307692308,0.5973451327433629,0.42056074766355145
0.308,0.33002481389578164,0.588495575221239,0.42289348171701113
0.312,0.3341708542713568,0.588495575221239,0.4262820512820513
0.316,0.33587786259541985,0.584070796460177,0.4264943457189015
0.32,0.33506493506493507,0.5707964601769911,0.4222585924713584
0.324,0.33773087071240104,0.5663716814159292,0.42314049586776853
0.328,0.3405994550408719,0.5530973451327433,0.42158516020236086
0.332,0.3436619718309859,0.5398230088495575,0.4199655765920826
0.336,0.3475783475783476,0.5398230088495575,0.4228769497400347
0.34,0.35174418604651164,0.5353982300884956,0.424561403508772
0.344,0.35714285714285715,0.5309734513274337,0.4270462633451958
0.348,0.3617021276595745,0.5265486725663717,0.4288288288288289
0.352,0.36363636363636365,0.5132743362831859,0.42568807339449544
0.356,0.36893203883495146,0.504424778761062,0.4261682242990655
0.36,0.3654485049833887,0.48672566371681414,0.41745730550284627
0.364,0.36486486486486486,0.4778761061946903,0.41379310344827586
0.368,0.3642611683848797,0.4690265486725664,0.41005802707930367
0.372,0.36524822695035464,0.4557522123893805,0.405511811023622
0.376,0.37454545454545457,0.4557522123893805,0.4111776447105789
0.38,0.37777777777777777,0.45132743362831856,0.41129032258064513
0.384,0.376425855513308,0.43805309734513276,0.40490797546012275
0.388,0.3852140077821012,0.43805309734513276,0.4099378881987577
0.392,0.3699186991869919,0.4026548672566372,0.3855932203389831
0.396,0.37130801687763715,0.3893805309734513,0.3801295896328294
0.4,0.37339055793991416,0.38495575221238937,0.37908496732026137
0.404,0.375,0.37168141592920356,0.3733333333333333
0.408,0.38028169014084506,0.3584070796460177,0.3690205011389522
0.412,0.37755102040816324,0.3274336283185841,0.35071090047393366
0.416,0.39572192513368987,0.3274336283185841,0.3583535108958838
0.42,0.4022346368715084,0.3185840707964602,0.3555555555555555
0.424,0.4034090909090909,0.3141592920353982,0.35323383084577115
0.428,0.40236686390532544,0.3008849557522124,0.34430379746835443
0.432,0.4125,0.2920353982300885,0.34196891191709844
0.436,0.4144736842105263,0.27876106194690264,0.3333333333333333
0.44,0.42758620689655175,0.2743362831858407,0.33423180592991913
0.444,0.4306569343065693,0.2610619469026549,0.325068870523416
0.448,0.4461538461538462,0.25663716814159293,0.3258426966292135
0.452,0.4435483870967742,0.24336283185840707,0.3142857142857143
0.456,0.45,0.23893805309734514,0.31213872832369943
0.46,0.45132743362831856,0.22566371681415928,0.3008849557522124
0.464,0.4722222222222222,0.22566371681415928,0.3053892215568862
0.468,0.46601941747572817,0.21238938053097345,0.29179331306990886
0.472,0.47959183673469385,0.2079646017699115,0.29012345679012347
0.476,0.4782608695652174,0.19469026548672566,0.27672955974842767
0.48,0.4835164835164835,0.19469026548672566,0.277602523659306
0.484,0.47126436781609193,0.18141592920353983,0.26198083067092653
0.488,0.48148148148148145,0.17256637168141592,0.254071661237785
0.492,0.5,0.168141592920354,0.25165562913907286
0.496,0.5066666666666667,0.168141592920354,0.25249169435215946
0.5,0.5211267605633803,0.16371681415929204,0.24915824915824916
0.508,0.5223880597014925,0.15486725663716813,0.2389078498293515
0.512,0.5384615384615384,0.15486725663716813,0.24054982817869414
0.516,0.532258064516129,0.14601769911504425,0.22916666666666669
0.52,0.5245901639344263,0.1415929203539823,0.2229965156794425
0.524,0.5423728813559322,0.1415929203539823,0.22456140350877193
0.528,0.5535714285714286,0.13716814159292035,0.21985815602836878
0.532,0.5555555555555556,0.13274336283185842,0.21428571428571433
0.536,0.5471698113207547,0.12831858407079647,0.20788530465949823
0.544,0.58,0.12831858407079647,0.2101449275362319
0.548,0.574468085106383,0.11946902654867257,0.19780219780219782
0.552,0.5777777777777777,0.11504424778761062,0.1918819188191882
0.56,0.5909090909090909,0.11504424778761062,0.19259259259259262
0.564,0.6097560975609756,0.11061946902654868,0.18726591760299627
0.568,0.6,0.10619469026548672,0.18045112781954886
0.572,0.6153846153846154,0.10619469026548672,0.1811320754716981
0.576,0.6052631578947368,0.10176991150442478,0.17424242424242425
0.58,0.6470588235294118,0.09734513274336283,0.1692307692307692
0.584,0.6363636363636364,0.09292035398230089,0.16216216216216217
0.588,0.65625,0.09292035398230089,0.1627906976744186
0.6,0.6333333333333333,0.084070796460177,0.1484375
0.604,0.6428571428571429,0.07964601769911504,0.14173228346456693
0.612,0.6538461538461539,0.0752212389380531,0.13492063492063494
0.616,0.7083333333333334,0.0752212389380531,0.136
0.62,0.6956521739130435,0.07079646017699115,0.1285140562248996
0.624,0.6818181818181818,0.06637168141592921,0.12096774193548389
0.628,0.6666666666666666,0.061946902654867256,0.11336032388663968
0.632,0.6666666666666666,0.05309734513274336,0.09836065573770493
0.636,0.7058823529411765,0.05309734513274336,0.09876543209876543
0.64,0.75,0.05309734513274336,0.09917355371900827
0.652,0.6923076923076923,0.03982300884955752,0.07531380753138076
0.656,0.6666666666666666,0.035398230088495575,0.06722689075630253
0.66,0.6363636363636364,0.030973451327433628,0.0590717299578059
0.664,0.6,0.02654867256637168,0.05084745762711864
0.668,0.5555555555555556,0.022123893805309734,0.0425531914893617
0.672,0.625,0.022123893805309734,0.042735042735042736
0.676,0.5714285714285714,0.017699115044247787,0.034334763948497854
0.688,0.8,0.017699115044247787,0.034632034632034625
0.692,0.75,0.01327433628318584,0.02608695652173913
0.7,0.6666666666666666,0.008849557522123894,0.017467248908296942
0.716,0.5,0.004424778761061947,0.008771929824561403
0.736,0.0,0.0,0.0
1.0,1.0,0.0,0.0
